Year,Area,MPA_Status,meannpp,senpp,meanorbv,seorbv,meansst,sesst,meanmaxsst,semaxsst,meanwh,sewh
2007,Anacapa Island,MPA,1101.486264,25.61282364,51.17777994,3.275304518,15.39074333,0.066221211,22.57468333,0.085104925,0.740602971,0.012381418
2007,Anacapa Island,REF,989.2915522,19.79912423,45.3364817,2.835897305,15.56479386,0.030413393,22.52021429,0.073577055,0.727016053,0.011904491
2007,Ano Nuevo,MPA,1996.976339,51.4829251,277.1533475,30.07191921,12.01028459,0.057452987,16.81548182,0.351965553,1.517432641,0.040699131
2007,Ano Nuevo,REF,2040.883786,105.5517242,255.449756,20.84936666,11.28109709,0.117370406,14.11618182,0.349659947,1.567899117,0.037101275
2007,Bodega Head,MPA,1626.658284,21.98751706,287.9277818,21.7820205,11.03484469,0.063697345,15.52179231,0.344082038,1.546692865,0.039256863
2007,Bodega Head,REF,1863.576987,56.71529452,318.3984935,36.4994887,11.30916443,0.060981803,16.74764286,0.19906484,1.466847748,0.042482245
2007,Carrington Point,MPA,1662.785124,12.43722737,65.26956767,5.002554365,13.91090795,0.02197745,18.06391905,0.27327724,0.804353047,0.006338355
2007,Carrington Point,REF,1700.444091,16.39939664,60.99557267,5.454236518,13.98144774,0.058357986,17.53203529,0.259497731,0.76245455,0.009209744
2007,Piedras Blancas,MPA,1099.55603,11.75819684,266.4621856,14.71604497,12.5171775,0.054501507,15.46079677,0.141609111,1.530042504,0.02273097
2007,Piedras Blancas,REF,1122.218436,9.863118348,129.892138,10.53769184,12.20627902,0.068981602,15.661508,0.256889332,1.08610543,0.014619613
2007,Point Buchon,MPA,1343.323191,47.01127341,282.3711455,26.2780169,12.63926125,0.064282438,15.2693125,0.402200283,1.589272443,0.040655284
2007,Point Buchon,REF,1531.617924,46.44277367,283.0355502,20.86426183,12.69182655,0.038775978,16.02896364,0.318623452,1.627579484,0.034872815
2007,Point Lobos,MPA,827.3067261,43.81377857,257.7132463,26.75662773,11.82913614,0.072520719,14.6073,0.304924277,1.545415874,0.04375361
2007,Point Lobos,REF,1168.098975,129.1469202,280.334246,24.58601198,11.93111557,0.061452493,14.6379,0.315535516,1.614520544,0.041894872
2007,Cape Mendocino,MPA,1212.40494,14.19071957,581.784669,28.71447866,10.51152194,0.013410727,15.516375,0.165460909,2.14827355,0.042749837
2007,Cape Mendocino,REF,1489.080115,12.3606354,652.1960818,26.75312821,10.86252332,0.022307017,16.18038302,0.143804003,2.175620672,0.029278918
2007,South La Jolla,MPA,1185.553674,27.62507629,126.7497254,8.989534526,18.38923773,0.1013572,25.14956364,0.150935573,1.02497962,0.018224008
2007,South La Jolla,REF,1104.240183,16.8206729,144.7237721,13.97268283,18.53987389,0.09518951,24.82701111,0.114167497,1.036383827,0.021405541
2007,Stewarts Point,MPA,997.800869,22.3865548,255.2046776,24.74703264,10.10847813,0.073294704,12.700375,0.317684085,1.45097903,0.045624325
2007,Stewarts Point,REF,1111.457425,44.4806806,222.1504368,21.11815232,10.1291433,0.066286316,12.7292,0.400291125,1.320426103,0.038980348
2007,Swamis,MPA,1386.110274,32.77236665,100.6321569,9.19866539,20.0527445,0.121271684,24.5252375,0.100614185,0.846148321,0.016298472
2007,Swamis,REF,1634.671897,66.62427763,105.6085995,9.070190084,19.79280773,0.152619967,24.55033636,0.045226089,0.844426592,0.013300404
2007,Ten Mile,MPA,1558.658948,47.16239511,362.2987241,29.30072839,11.3908318,0.147959604,16.13533,0.331415512,1.728909625,0.047483212
2007,Ten Mile,REF,1555.141856,26.86475074,382.7213587,23.46475122,11.42690598,0.075841907,16.1307625,0.18592122,1.714937523,0.033674058
2008,Anacapa Island,MPA,1078.103941,13.25480625,53.365427,6.276665472,15.29657067,0.063858615,21.28993333,0.331811638,0.739175159,0.011349842
2008,Anacapa Island,REF,1015.416016,23.40591931,41.9376083,4.303571804,15.416303,0.089516809,21.70262857,0.224592484,0.723321883,0.010590329
2008,Ano Nuevo,MPA,1745.636669,43.0710012,501.5847837,63.29451128,11.62723418,0.064469715,22.85001818,0.497442763,1.543593709,0.040093671
2008,Ano Nuevo,REF,2027.254693,127.853723,436.5117441,47.40696836,11.22859018,0.078427456,19.17512727,0.576669459,1.596062678,0.035745207
2008,Bodega Head,MPA,1899.927366,44.2950107,401.4081124,35.47414533,10.74953762,0.04082753,18.49426923,1.189025465,1.614065781,0.033235504
2008,Bodega Head,REF,1854.456776,34.83297235,497.0705928,70.4136443,11.06308221,0.063373206,20.009,0.981661656,1.523416887,0.03842316
2008,Carrington Point,MPA,1857.63866,27.12099652,59.42509575,2.751479983,13.569466,0.022948588,18.4553619,0.057726441,0.78575933,0.00727129
2008,Carrington Point,REF,1795.783542,14.01752418,54.94558133,3.398052253,13.43258124,0.069200698,19.41654706,0.215577693,0.750903306,0.009579425
2008,Piedras Blancas,MPA,1097.933227,15.96288364,425.7578422,29.6129366,12.03270721,0.046837132,22.72017097,0.814115357,1.567211316,0.021853969
2008,Piedras Blancas,REF,1296.436702,21.52426028,203.7873623,15.93249322,12.21578974,0.035752395,25.440524,0.785523956,1.139282921,0.013818159
2008,Point Buchon,MPA,1322.057135,48.46134794,387.5028288,42.96320682,12.47603375,0.065262228,24.2117875,0.615333767,1.588204577,0.038063955
2008,Point Buchon,REF,1563.293077,43.31733109,373.1236623,35.82453562,12.63389609,0.046384263,21.08879091,0.479843017,1.613549455,0.031585469
2008,Point Lobos,MPA,1029.356045,67.84977973,409.3402173,55.7701552,12.15187286,0.139975231,20.92064286,0.68248883,1.554622208,0.042508173
2008,Point Lobos,REF,862.5396626,50.61772448,446.6480913,53.5124255,11.739748,0.083922684,19.6721,1.765092479,1.622181646,0.038281713
2008,Cape Mendocino,MPA,994.9691521,13.56157948,781.8959018,43.84042018,10.12217652,0.010102394,14.511275,0.069691929,2.087643606,0.038252772
2008,Cape Mendocino,REF,1097.776589,8.755528537,764.4313282,28.51972793,10.25129696,0.017542958,14.5801566,0.038438041,2.103937917,0.025297934
2008,South La Jolla,MPA,1558.409836,42.10394087,147.2080351,13.30426627,16.75646691,0.029096155,22.93904545,0.057737568,1.048789797,0.016280227
2008,South La Jolla,REF,1483.091682,18.37129304,167.0021475,23.32342665,16.92488333,0.034272007,23.34656667,0.159463668,1.060381149,0.019223647
2008,Stewarts Point,MPA,1123.368183,45.3280553,355.6301414,38.63546997,10.63058388,0.087564476,15.0054875,0.149012393,1.49904241,0.038590033
2008,Stewarts Point,REF,1274.08177,24.37624898,317.4806701,34.52153009,10.399861,0.036587052,15.67012,0.583041904,1.361275527,0.03430623
2008,Swamis,MPA,2146.808275,73.54140046,111.1579937,12.99188794,17.1156795,0.045813148,23.31315,0.2513958,0.864286558,0.015294065
2008,Swamis,REF,2355.335749,115.3896782,107.3693303,10.74333616,16.856564,0.098550642,23.53232727,0.207565582,0.865854116,0.012219627
2008,Ten Mile,MPA,1357.106401,59.29514441,426.6678748,34.85685788,10.96424815,0.037184819,19.25049,0.798646857,1.670956588,0.044501641
2008,Ten Mile,REF,1344.404398,30.83659302,445.7087448,28.87938667,10.69785588,0.04603196,16.07023333,0.230692004,1.65613587,0.032119913
2009,Anacapa Island,MPA,1032.03919,7.638338407,45.93180292,2.888331082,16.00382167,0.102810455,21.2866,0.305649977,0.707451255,0.011082954
2009,Anacapa Island,REF,1060.124206,31.4136203,39.82685047,2.376747249,15.97669943,0.088679671,21.51064286,0.119643428,0.693358072,0.011025686
2009,Ano Nuevo,MPA,2056.202083,44.06680652,225.4216513,12.49424185,11.86424886,0.043749206,14.47530909,0.166486379,1.469451048,0.035784165
2009,Ano Nuevo,REF,1827.573696,150.2322528,211.6513294,11.15759708,11.60260218,0.055698929,14.83956364,0.253599392,1.513560694,0.033174259
2009,Bodega Head,MPA,1875.058041,52.77780555,244.4736052,12.92917278,11.00023438,0.044311312,14.91493846,0.099013169,1.675839001,0.024539004
2009,Bodega Head,REF,1955.15271,80.06037961,262.4438721,18.74024869,11.25612936,0.034550245,15.09783571,0.183796702,1.587369424,0.030540912
2009,Carrington Point,MPA,1950.166146,15.39160513,46.79655475,1.163022851,14.1523459,0.018922632,18.7239,0.143394457,0.755192365,0.006480572
2009,Carrington Point,REF,1893.810075,21.7504392,41.75193631,1.421245204,14.13413506,0.040278491,18.60048235,0.240769831,0.720135538,0.008484032
2009,Piedras Blancas,MPA,1603.95792,33.75682951,265.075595,10.4699728,12.28295613,0.040833138,15.40962903,0.094872407,1.582806626,0.019393594
2009,Piedras Blancas,REF,1686.480826,40.69086886,114.4803367,3.954381757,12.2986034,0.041009685,15.730624,0.050219981,1.127823932,0.010695325
2009,Point Buchon,MPA,1686.926193,88.18338336,240.6496367,19.02943148,12.63059538,0.060072164,15.17305,0.207884497,1.542011403,0.036216398
2009,Point Buchon,REF,2078.928034,106.0648914,252.2659142,17.04724562,12.64139836,0.045211666,16.21521818,0.199285452,1.578785947,0.030427669
2009,Point Lobos,MPA,860.3703717,59.94832865,219.430221,15.0837242,11.97249386,0.051568873,14.28071429,0.182510878,1.465129462,0.039153724
2009,Point Lobos,REF,906.4112695,74.38407567,229.2029579,13.39235622,12.05245843,0.113823009,14.7826,0.46765684,1.51491577,0.033527243
2009,Cape Mendocino,MPA,1279.016161,25.66308749,500.8525619,21.94405869,10.37698379,0.015670818,13.79106667,0.119875174,2.034828409,0.035229184
2009,Cape Mendocino,REF,1483.555341,17.81614256,507.0093981,15.18020107,10.59426528,0.01381672,15.50050377,0.378360717,2.049600835,0.023449975
2009,South La Jolla,MPA,1432.527771,43.09538059,137.7074289,8.687246968,17.92557745,0.092932964,24.47589091,0.064816843,0.997219922,0.014075815
2009,South La Jolla,REF,1240.882192,37.10242999,148.7885995,9.926737855,18.33398378,0.169161235,24.96332222,0.126787236,1.004334786,0.016697255
2009,Stewarts Point,MPA,887.005028,62.6983952,211.9037649,13.01411396,10.2756115,0.085986761,13.08035,0.135764236,1.585782119,0.027490817
2009,Stewarts Point,REF,1320.203259,80.17328275,184.9610118,10.12674922,10.4293405,0.060083471,13.45006,0.132998729,1.449443437,0.024620839
2009,Swamis,MPA,1860.420307,36.62767243,102.9969524,7.959179955,19.88718713,0.416329591,25.0532625,0.082157012,0.814003806,0.012681517
2009,Swamis,REF,2129.411625,123.6195134,102.7947882,6.750360708,19.07147864,0.243100069,24.83992727,0.066316791,0.811943191,0.009906322
2009,Ten Mile,MPA,1422.984314,62.60334189,294.0603462,18.84730658,10.963829,0.094142988,15.01043,0.327137876,1.630180161,0.043882481
2009,Ten Mile,REF,1711.310718,41.34695703,317.5270061,16.10566196,10.9727824,0.035537885,15.637525,0.151518976,1.619396187,0.030803597
2010,Anacapa Island,MPA,1434.383257,26.21792984,48.70345472,3.307473523,14.71387717,0.034184888,21.289126,0.071838991,0.772503035,0.014757991
2010,Anacapa Island,REF,1329.759247,34.32011033,41.38530995,2.804924638,14.89922557,0.048060031,21.36128629,0.026671671,0.753132834,0.013894739
2010,Ano Nuevo,MPA,2075.326079,67.62147491,365.9593845,29.09623072,12.13022741,0.043394723,14.57091209,0.141345935,1.711080923,0.051845524
2010,Ano Nuevo,REF,2538.215998,120.5760734,337.3528833,25.50502857,12.397194,0.074473875,14.66993764,0.129378566,1.732068685,0.047358974
2010,Bodega Head,MPA,2196.120779,47.93823229,390.6184809,23.23976797,11.52114362,0.028458261,15.21242385,0.321422301,1.909163026,0.041448935
2010,Bodega Head,REF,2243.25066,59.37396289,447.8637523,44.45106813,11.44881318,0.061025843,14.85529743,0.151419739,1.828664948,0.050367211
2010,Carrington Point,MPA,2136.781266,19.74073338,60.44047108,2.747478099,13.78290029,0.014521944,17.55027943,0.091795015,0.845990535,0.010874933
2010,Carrington Point,REF,2112.195802,36.02026322,56.02117648,3.103050843,13.72403659,0.030747027,17.35035182,0.078831149,0.810477474,0.013060341
2010,Piedras Blancas,MPA,1607.655185,14.46275809,411.2317488,21.31034185,12.55273895,0.025095284,15.11401513,0.073418388,1.811958292,0.027331158
2010,Piedras Blancas,REF,1664.964957,22.25287168,153.1479941,7.401810957,12.42617816,0.023742273,14.8055972,0.117728471,1.300017743,0.017921863
2010,Point Buchon,MPA,1729.293414,32.06695856,333.3213391,29.65752882,12.97784438,0.031854122,16.77259563,0.069366175,1.757464518,0.046793906
2010,Point Buchon,REF,2091.099581,44.24364215,342.6530174,23.2662659,12.78612773,0.019890964,16.49497718,0.263243988,1.7970951,0.039713292
2010,Point Lobos,MPA,1151.173779,84.32704873,326.1686836,30.78631732,12.38290443,0.023706865,14.25070929,0.116181902,1.680218317,0.055614437
2010,Point Lobos,REF,1361.018387,115.1468157,359.718577,28.84964698,12.57138293,0.054616768,15.04415786,0.168406624,1.744312725,0.050502918
2010,Cape Mendocino,MPA,1061.950215,16.54058811,762.8980981,29.90582358,10.68468367,0.016401932,14.11467338,0.11349958,2.271288745,0.045692708
2010,Cape Mendocino,REF,1218.43553,11.42573223,783.9280328,23.50379974,11.0048304,0.018923127,14.91593026,0.032408904,2.298640708,0.031436945
2010,South La Jolla,MPA,1689.587298,60.85858335,152.8986652,10.13781522,16.27851809,0.046993968,21.36795191,0.109281242,1.163803219,0.024978018
2010,South La Jolla,REF,1485.988432,30.70800984,166.0537976,12.74631092,16.62337144,0.054166015,21.77681289,0.08709596,1.17015802,0.028839433
2010,Stewarts Point,MPA,1151.080938,73.32762729,326.2478299,21.05326784,11.21388306,0.053402332,13.67368688,0.092423096,1.813979583,0.048172133
2010,Stewarts Point,REF,1379.799511,74.48871977,288.8604552,19.15863634,10.90478755,0.053490007,13.0668457,0.09747923,1.676432789,0.043604428
2010,Swamis,MPA,2202.971575,101.2540047,105.5659363,7.641120022,16.67266663,0.063560896,22.08309375,0.286611436,0.936189886,0.022793639
2010,Swamis,REF,2497.979983,158.6260507,106.5751136,6.406244016,16.67488373,0.060587665,22.06866136,0.155011201,0.930677495,0.017650675
2010,Ten Mile,MPA,1808.208648,80.24393388,399.6343649,22.445382,11.3572219,0.051838696,15.2310502,0.11616896,1.807853524,0.058225861
2010,Ten Mile,REF,2246.005483,75.48704899,469.1901386,21.38767204,11.51544783,0.041558417,15.57504229,0.135220915,1.819601858,0.041674434
2011,Anacapa Island,MPA,1217.162549,28.93038715,36.05366678,1.781648338,14.886695,0.025284079,21.47542583,0.532129682,0.716170733,0.013429825
2011,Anacapa Island,REF,1068.061461,65.47735598,32.0436927,1.569809882,14.84805086,0.022554968,21.91713686,0.242612968,0.701661621,0.013742341
2011,Ano Nuevo,MPA,1704.346766,25.1790872,199.8627571,10.896019,12.04414364,0.035077621,18.09950282,0.501357667,1.439642193,0.029499832
2011,Ano Nuevo,REF,2058.220863,110.0215128,199.7271713,11.41849856,12.01994436,0.025388329,16.05323064,0.064825458,1.475337936,0.027227341
2011,Bodega Head,MPA,2627.573952,48.64889688,266.3317873,13.12814982,11.42703577,0.016186552,16.09557038,0.009476921,1.711220326,0.02870656
2011,Bodega Head,REF,2704.690271,69.87531984,267.3584924,18.1822367,11.32959471,0.059197593,15.998322,0.075788514,1.620699811,0.033907676
2011,Carrington Point,MPA,1930.869438,31.41978617,44.3737525,0.67841704,13.68600324,0.010581386,19.51506343,0.404975717,0.791178517,0.006924922
2011,Carrington Point,REF,1942.716891,17.01890842,41.84506631,1.137743183,13.64761926,0.040318926,18.55610259,0.087907469,0.759323551,0.009001342
2011,Piedras Blancas,MPA,1669.449452,25.16378297,259.7740616,8.864851232,12.47584265,0.025029482,16.66312248,0.027949814,1.679603683,0.018429564
2011,Piedras Blancas,REF,1911.986494,38.35741216,114.4959449,3.607145897,12.25855586,0.034453403,16.78116852,0.007534737,1.206445652,0.01108376
2011,Point Buchon,MPA,2051.795,88.69285643,238.287527,15.8968777,12.72452388,0.034686644,16.1592835,0.149064398,1.626673232,0.032901245
2011,Point Buchon,REF,2252.918381,58.87088491,247.1526582,12.25749406,12.69922,0.009228047,16.31162427,0.032103424,1.665336301,0.024823987
2011,Point Lobos,MPA,1202.968183,117.5599251,234.9053344,16.77920183,12.24530957,0.046165949,16.13823557,0.067969581,1.609269931,0.038121505
2011,Point Lobos,REF,1051.064947,123.6688504,267.5755813,19.43491429,12.31782386,0.081166363,16.54606157,0.103367302,1.646195537,0.033213557
2011,Cape Mendocino,MPA,1065.275786,13.27763357,548.1623669,20.09179652,10.26254708,0.011025302,13.3841255,0.107266157,2.27102659,0.033029055
2011,Cape Mendocino,REF,1305.240078,18.1831325,540.8758819,13.0555411,10.44409533,0.017393896,14.85403462,0.151223847,2.299637775,0.021870491
2011,South La Jolla,MPA,1801.489789,59.14476152,94.75919619,3.23579966,16.30376164,0.025404141,22.19068118,0.277263713,1.054124718,0.012418898
2011,South La Jolla,REF,1591.952816,23.42887635,105.7698439,4.397638289,16.496449,0.024444794,22.14038856,0.09956302,1.062690474,0.015293613
2011,Stewarts Point,MPA,989.66867,52.7795042,243.3903843,16.6151407,10.8704725,0.054880226,14.81622588,0.207659437,1.617277061,0.032815061
2011,Stewarts Point,REF,1315.311721,69.06484134,214.1238742,15.44434109,10.9436004,0.025284428,15.662558,0.047220256,1.475520026,0.029532218
2011,Swamis,MPA,2581.999659,131.6981403,62.01311705,2.560553733,16.892605,0.047813439,22.72841588,0.077636647,0.84819682,0.011992286
2011,Swamis,REF,2848.081101,159.9855216,66.0582118,2.336303589,16.79661473,0.089541471,23.49451964,0.44041093,0.849072761,0.009814838
2011,Ten Mile,MPA,1535.272846,116.9584923,291.0179078,14.29468761,11.0378531,0.046255495,15.1180345,0.15423131,1.742464348,0.038716497
2011,Ten Mile,REF,2176.185626,32.7916439,319.3023805,13.50760666,10.97929892,0.017835108,15.18911192,0.052703304,1.729762915,0.028208397
2012,Anacapa Island,MPA,922.0772373,13.71336833,43.99051081,3.091198421,16.05672383,0.04573627,21.98418867,0.023145447,0.714909719,0.013247576
2012,Anacapa Island,REF,933.7134699,61.67150079,36.64784744,2.500376416,16.22648743,0.052445666,22.00670629,0.023629449,0.698495849,0.012992842
2012,Ano Nuevo,MPA,1571.685256,24.8229573,297.0304264,20.26381613,12.12099264,0.017215745,16.08261991,0.085829089,1.520876101,0.037745882
2012,Ano Nuevo,REF,1911.680102,61.95775421,270.5433578,17.29050397,11.97680918,0.032796329,15.50828855,0.110938439,1.527191408,0.034797859
2012,Bodega Head,MPA,1751.881848,39.09726758,314.1739784,17.55195256,11.41933908,0.030966663,15.69285331,0.048691063,1.707214151,0.036083997
2012,Bodega Head,REF,1977.227863,22.71541765,364.9568225,33.84108899,11.42242429,0.026201658,15.41590907,0.047226479,1.611954645,0.041255279
2012,Carrington Point,MPA,1809.727984,27.11325943,54.730698,1.460093758,14.49558348,0.017993624,19.73723462,0.069201096,0.815464547,0.007388872
2012,Carrington Point,REF,1767.813386,31.76070854,50.3684806,1.784459229,14.45777282,0.022248169,19.74222753,0.046884311,0.778432917,0.009946671
2012,Piedras Blancas,MPA,1165.614327,21.13410467,303.8162547,13.72704359,12.6020939,0.015596747,17.05479297,0.086650551,1.646425058,0.023068714
2012,Piedras Blancas,REF,1234.350684,33.10528837,130.9726657,6.415390709,12.36330972,0.034149549,16.95818884,0.125055652,1.148162778,0.013967599
2012,Point Buchon,MPA,1537.46221,61.5025587,254.2846275,20.700144,12.86724863,0.038183156,16.81639213,0.058143174,1.5704665,0.041344126
2012,Point Buchon,REF,1587.921054,57.64346104,260.4022274,18.46226232,12.89422536,0.004166844,16.94628009,0.057615785,1.609922255,0.035367605
2012,Point Lobos,MPA,1018.811004,125.0385412,306.7902478,28.7513869,12.17736357,0.026841144,15.40001557,0.109326379,1.675103064,0.047051764
2012,Point Lobos,REF,1282.025466,127.3539591,326.2318873,25.85928977,12.30735571,0.049601243,16.01077543,0.08924941,1.724388394,0.0428794
2012,Cape Mendocino,MPA,969.2846512,6.44987917,633.4154395,27.13707339,10.38748408,0.020076763,14.45339777,0.032435804,2.315301061,0.041560961
2012,Cape Mendocino,REF,1180.439691,10.8305604,694.3954893,22.1759932,10.64218841,0.009445177,14.75707092,0.056649926,2.344253143,0.027523332
2012,South La Jolla,MPA,1137.295082,32.33873975,123.3966952,7.086881114,17.59006036,0.022761622,24.46493,0.088625933,1.090923018,0.018685545
2012,South La Jolla,REF,923.7984214,10.23464999,134.6467467,9.212764632,17.78138867,0.025612855,24.31431133,0.067960217,1.09971221,0.021551508
2012,Stewarts Point,MPA,1366.815997,202.9824546,281.5526908,19.87111919,10.7241285,0.051329659,14.33303525,0.029612053,1.618038937,0.042015715
2012,Stewarts Point,REF,1258.446244,105.9178709,247.8539713,16.64285051,10.9561622,0.019982083,14.74128295,0.055848836,1.479893049,0.036981813
2012,Swamis,MPA,1287.119262,44.12745017,89.7780815,6.02719286,18.20808738,0.090070036,23.9459815,0.072384812,0.881440597,0.016490099
2012,Swamis,REF,1648.214007,131.5458421,87.93960365,5.126651708,18.15560091,0.054463308,24.34721664,0.102862007,0.874084222,0.013037288
2012,Ten Mile,MPA,1387.394287,103.1828921,346.3800463,22.36129136,11.0559565,0.090651635,16.0781265,0.128041053,1.797060551,0.05179744
2012,Ten Mile,REF,1748.561246,76.39398953,364.2545132,17.04866686,11.23025921,0.024569403,16.69223196,0.274293749,1.792329034,0.036959392
2013,Anacapa Island,MPA,962.0017709,18.63911695,46.82528622,2.919941025,15.82260517,0.010248419,21.64671667,0.057484518,0.695142671,0.01175919
2013,Anacapa Island,REF,934.6135593,39.86987998,40.97789348,2.596848939,15.964648,0.014746143,21.31074229,0.170977466,0.679214975,0.011383167
2013,Ano Nuevo,MPA,2102.326281,49.89954585,177.4956593,7.910355795,11.80562127,0.01848988,15.83417318,0.283985549,1.326343221,0.026093855
2013,Ano Nuevo,REF,2333.673396,71.14992139,170.0194596,6.661465223,11.85793955,0.036800687,15.93555309,0.363766035,1.35632385,0.02508749
2013,Bodega Head,MPA,2179.031442,40.22025785,192.3853479,6.699406704,10.75247046,0.018092342,14.06459162,0.059355166,1.385210028,0.024811205
2013,Bodega Head,REF,2267.292529,38.346736,217.8652431,15.15958415,10.81031943,0.030643094,14.87888993,0.113731354,1.303049036,0.029815762
2013,Carrington Point,MPA,1820.383569,21.69818915,48.21859833,0.958368931,14.49138162,0.016205125,19.08380033,0.189254399,0.736057867,0.006760753
2013,Carrington Point,REF,1801.268307,31.75833711,42.54127781,1.216240237,14.46057788,0.013559675,19.07444924,0.069168888,0.704066175,0.008989954
2013,Piedras Blancas,MPA,1841.829124,32.60633044,228.9932058,7.454221794,12.58727802,0.015690221,20.32289935,0.430887573,1.511110151,0.021364987
2013,Piedras Blancas,REF,1959.751497,44.98784958,87.07538554,2.551435343,12.4914964,0.017379345,18.06981148,0.35839793,1.025726803,0.011494853
2013,Point Buchon,MPA,1704.241116,84.92449017,207.6738325,13.30218701,12.9489855,0.036051014,19.70676675,0.392336912,1.419194109,0.035763554
2013,Point Buchon,REF,2109.67646,33.56348942,212.1151309,9.247466633,12.99812927,0.021141519,19.68502509,0.055369244,1.462213677,0.030927174
2013,Point Lobos,MPA,1244.407279,100.4385241,211.5538836,11.7132148,11.92319529,0.035150398,16.25327843,0.023454297,1.450272118,0.038111666
2013,Point Lobos,REF,1392.912682,167.3446357,211.6196808,10.74008576,12.09946743,0.076744004,15.81347736,0.124266389,1.478094304,0.031380899
2013,Cape Mendocino,MPA,1082.442356,12.73481356,533.6393494,15.71125849,10.13110996,0.031676767,16.92116471,0.122687865,2.082161809,0.032059863
2013,Cape Mendocino,REF,1314.535226,13.73769475,563.8946637,12.65739872,10.47273243,0.021991007,17.14057343,0.079739871,2.109533027,0.021164883
2013,South La Jolla,MPA,1004.291905,22.91709157,110.5915585,7.00768565,17.08490055,0.023184109,22.64284345,0.112041435,1.00813873,0.017038944
2013,South La Jolla,REF,854.5159817,8.120974874,119.1097411,8.690211626,17.08451122,0.038834955,22.91918233,0.146347381,1.013082208,0.020079882
2013,Stewarts Point,MPA,1293.912183,114.5254772,171.4803513,7.447922156,10.42100775,0.047859798,15.84803788,0.740503729,1.315140595,0.026936231
2013,Stewarts Point,REF,1134.1896,86.82592508,142.7419417,6.640217752,10.3622064,0.022067608,14.4966557,0.054757892,1.202548538,0.02342529
2013,Swamis,MPA,1136.160493,69.32735199,79.58563931,6.253522342,17.48003138,0.13076584,23.33107075,0.209483033,0.811982403,0.014732574
2013,Swamis,REF,1495.725703,143.6166596,79.29348454,5.125699642,17.21067718,0.049699153,23.31500409,0.237785704,0.809448878,0.011705433
2013,Ten Mile,MPA,2081.600886,106.9964157,276.348323,13.27896481,10.73510255,0.085897193,16.0211332,0.259493372,1.537142468,0.035411979
2013,Ten Mile,REF,2055.857191,46.49181975,271.7781006,9.045881267,10.72119619,0.039799112,17.22893996,0.157163337,1.528981276,0.02622845
2014,Anacapa Island,MPA,813.7223956,26.58524253,41.86810369,2.718917741,18.29829533,0.019750861,22.27702433,0.093339244,0.711567302,0.011890184
2014,Anacapa Island,REF,767.2045024,47.10820978,35.85103779,2.377233994,18.49758271,0.124971993,23.41815614,0.296106289,0.691715516,0.011416273
2014,Ano Nuevo,MPA,1686.315185,29.71805055,243.1163334,14.76758128,14.14240073,0.033912959,18.55939791,0.035097677,1.482968029,0.034373888
2014,Ano Nuevo,REF,1874.368789,99.44299537,221.0291348,12.60611627,14.028562,0.049702005,18.38699427,0.22520363,1.498612317,0.032078081
2014,Bodega Head,MPA,2139.896579,115.5261053,254.9164313,13.3850294,13.25201238,0.036907578,18.32999808,0.022759003,1.604479558,0.032389105
2014,Bodega Head,REF,2158.835519,48.59904677,276.2673733,22.60076391,13.3787025,0.079865308,18.28030993,0.067054393,1.514843879,0.037171287
2014,Carrington Point,MPA,1392.980822,26.23987019,52.15941125,2.346123235,16.38067224,0.034179814,21.2889461,0.158784386,0.756228291,0.006341525
2014,Carrington Point,REF,1460.140525,42.59466218,50.59276247,2.872107845,16.46518888,0.053754599,20.84215659,0.112887665,0.731392791,0.008412949
2014,Piedras Blancas,MPA,1504.030357,37.70061053,270.3861489,12.27854557,14.81691374,0.035347859,18.95510352,0.032057695,1.581021101,0.022209655
2014,Piedras Blancas,REF,1565.714123,28.50908498,134.0865998,7.849892086,15.01836486,0.044588301,19.26492616,0.047019061,1.118539766,0.013672132
2014,Point Buchon,MPA,1508.720482,73.89254433,241.4087069,19.24540729,15.28531263,0.064677436,23.49463675,0.635698672,1.494016984,0.03778589
2014,Point Buchon,REF,1567.882368,39.51549051,247.8358636,15.9371839,15.09556673,0.026939519,20.61578909,0.007790393,1.528055717,0.031820137
2014,Point Lobos,MPA,1290.032621,61.860031,224.8753917,18.59114087,14.09272343,0.040371937,18.48753114,0.229017283,1.558871289,0.044336888
2014,Point Lobos,REF,1302.236803,79.72678657,242.5890484,17.65320997,14.32165057,0.071357169,18.047199,0.073341972,1.603376197,0.038203503
2014,Cape Mendocino,MPA,1335.418747,12.87210581,627.0243323,30.64698204,11.76760417,0.011815952,16.80602138,0.0262122,2.030161065,0.045272678
2014,Cape Mendocino,REF,1606.304761,17.32948981,635.283812,21.98156232,11.85753509,0.015605279,16.87898123,0.022712104,2.044910183,0.029996757
2014,South La Jolla,MPA,945.4625156,35.27577619,101.9021528,7.597920362,19.53337418,0.021882254,24.61453709,0.075545613,1.048695981,0.014859879
2014,South La Jolla,REF,768.5449011,16.33455398,107.868171,10.46595089,19.56946778,0.030703837,24.719902,0.115061344,1.051426795,0.017745821
2014,Stewarts Point,MPA,1329.052585,80.43141497,229.3847597,13.19840233,12.878842,0.021084926,18.18002875,0.158447577,1.52774093,0.036706197
2014,Stewarts Point,REF,1694.719872,111.3497824,196.1006708,10.15083888,13.11723735,0.044567824,18.2112525,0.055806226,1.406985526,0.032043465
2014,Swamis,MPA,1123.965068,61.24921491,72.6056154,6.645898555,20.01423675,0.030244834,24.82093013,0.106460422,0.850099527,0.013245849
2014,Swamis,REF,1294.441849,117.199832,71.47957698,5.588198364,20.061136,0.06102735,24.92634655,0.100846879,0.845226414,0.010491442
2014,Ten Mile,MPA,2023.480448,145.4693873,325.4004532,20.50884996,13.16077435,0.020028391,17.9439568,0.235528112,1.585840764,0.054268046
2014,Ten Mile,REF,2283.32371,45.27028554,375.8758011,17.27344705,13.07221602,0.012518424,19.35596121,0.354324682,1.599201387,0.038892619
2015,Anacapa Island,MPA,603.9509147,6.13774255,35.33201364,2.773319291,18.213561,0.01405303,24.55977583,0.196334372,0.67680883,0.014059257
2015,Anacapa Island,REF,583.1131172,18.07806049,29.54159756,2.25618725,18.43209729,0.04583297,24.87809829,0.22280934,0.658423375,0.014078059
2015,Ano Nuevo,MPA,1730.172402,20.41356519,220.8917653,24.73265291,13.80822291,0.007272897,18.20162509,0.059218473,1.368796123,0.03869572
2015,Ano Nuevo,REF,2154.852789,103.1281193,210.08135,20.88410206,13.80183727,0.041676646,17.62548709,0.060544438,1.397805179,0.037774452
2015,Bodega Head,MPA,2252.170023,43.06563343,283.5713165,31.66350233,13.01275762,0.02705645,18.53671731,0.202259566,1.494950153,0.041880465
2015,Bodega Head,REF,2473.787686,48.73298852,308.1788628,45.82062356,13.11907971,0.047723621,21.43010493,1.038194088,1.432389808,0.044530701
2015,Carrington Point,MPA,1280.044465,12.1008846,45.5186325,1.754536534,16.70569905,0.011023313,22.75617633,0.149558113,0.749614368,0.008476808
2015,Carrington Point,REF,1362.69482,55.73705607,41.50900768,2.191289924,16.68529818,0.013993847,23.34368724,0.504940115,0.709589087,0.010087071
2015,Piedras Blancas,MPA,1528.081905,24.81846786,257.3352908,17.86072508,14.76959658,0.005561412,22.48145739,0.272501883,1.525718545,0.024761032
2015,Piedras Blancas,REF,1410.290192,21.10330181,100.6560621,4.909489736,14.6746123,0.01295277,22.03601176,0.226088015,1.097271962,0.013937786
2015,Point Buchon,MPA,1382.883993,38.02376111,228.3467144,29.6219415,15.32714038,0.02715563,21.460981,0.11122003,1.457149216,0.043567829
2015,Point Buchon,REF,1712.239335,42.61186873,235.8081578,26.2659915,15.31052609,0.006679167,21.99062364,0.096657477,1.485263165,0.039686039
2015,Point Lobos,MPA,1337.264127,97.63101197,241.2239989,28.45187872,14.07543886,0.046779695,18.98513671,0.396463384,1.508065647,0.048617526
2015,Point Lobos,REF,1365.580836,51.01490887,246.7092683,25.02082594,14.28491379,0.094768382,19.10597286,0.32320534,1.545431081,0.043936766
2015,Cape Mendocino,MPA,1262.922245,12.67362579,634.0750015,57.96206524,11.72890275,0.020908742,19.62350165,0.733760472,2.064884162,0.043040767
2015,Cape Mendocino,REF,1493.006654,13.24155467,599.6301645,36.20361165,11.99771313,0.016681297,17.67883268,0.185392076,2.103476056,0.02840741
2015,South La Jolla,MPA,829.6117061,13.31587985,108.4606941,8.648459112,19.35659673,0.015151347,24.96809209,0.021247424,1.040206125,0.019297187
2015,South La Jolla,REF,722.7856925,4.417555071,119.2835859,10.88010842,19.48384611,0.022127751,25.33853133,0.113325495,1.045528641,0.022204011
2015,Stewarts Point,MPA,2280.079936,662.9335858,240.2019015,30.76128562,12.54765888,0.022287357,17.49535863,0.160023962,1.419148903,0.047696748
2015,Stewarts Point,REF,2269.463158,85.92731772,204.3927397,23.26384161,12.6754294,0.029564395,25.814,1.506997899,1.302930033,0.040612593
2015,Swamis,MPA,954.3952441,51.2457763,77.1416004,7.392094986,19.61160775,0.015725139,25.40029375,0.074202504,0.83989916,0.017439539
2015,Swamis,REF,1237.831642,109.3718409,78.91830621,6.006849328,19.61456191,0.016732756,25.75651282,0.183029821,0.847302439,0.013742411
2015,Ten Mile,MPA,2538.033218,73.30843668,293.6940068,34.58236089,12.551441,0.034094156,20.0535535,1.301712792,1.617074473,0.054636481
2015,Ten Mile,REF,2608.45653,48.48677716,362.3619742,37.53234025,12.66682335,0.012431254,20.59662788,0.726343653,1.607511388,0.038944196
2016,Anacapa Island,MPA,1278.121578,20.02510524,53.86074969,4.220268187,16.98603583,0.012389951,22.7474995,0.108633541,0.754661623,0.018392775
2016,Anacapa Island,REF,1391.0734,114.3956387,44.82639374,3.235094455,17.158048,0.035212501,23.13504871,0.169030303,0.725465355,0.01631481
2016,Ano Nuevo,MPA,1803.604313,39.0146376,322.9478854,23.24649383,12.91796555,0.017613744,16.15028036,0.027174884,1.776541367,0.056935201
2016,Ano Nuevo,REF,2089.064025,112.9634202,297.5476527,18.11619726,13.11567541,0.047600158,16.63269082,0.126441449,1.779733401,0.048868868
2016,Bodega Head,MPA,1976.804221,71.06560418,317.283844,19.63139058,12.21717162,0.011774734,16.04657669,0.04966633,1.900670871,0.051413724
2016,Bodega Head,REF,1975.23728,49.04327187,354.6952846,31.44701385,12.28442961,0.034005495,16.73890986,0.37971786,1.809487779,0.059840054
2016,Carrington Point,MPA,1732.989954,23.14979041,57.22139283,1.695452283,15.34186686,0.010133135,19.77945129,0.126848775,0.811779861,0.011181634
2016,Carrington Point,REF,1707.91129,31.94078827,45.91862894,2.212346666,15.25823353,0.00864672,19.55563018,0.038777884,0.762831429,0.01366873
2016,Piedras Blancas,MPA,1424.328776,26.30288636,355.2652851,19.14244564,13.38900165,0.012927786,19.45791403,0.74388391,1.843092516,0.032352914
2016,Piedras Blancas,REF,1625.291851,36.797366,141.7089094,7.539890804,13.38070856,0.010965918,16.45036716,0.026526598,1.286357318,0.020709835
2016,Point Buchon,MPA,1831.743598,101.5131686,291.0479041,25.44109179,13.61112138,0.037317442,16.96389375,0.148586307,1.730039903,0.054146934
2016,Point Buchon,REF,1885.800244,40.40294988,299.371094,24.33478487,13.66377264,0.026816702,16.73983491,0.124782378,1.761949448,0.048580276
2016,Point Lobos,MPA,1292.794153,138.9508575,342.4250972,34.11335688,13.13303457,0.027784772,19.88351286,0.062938564,1.869572789,0.063799276
2016,Point Lobos,REF,1286.545298,146.1494205,355.4706053,31.66087499,13.26914029,0.085962822,19.35282686,0.436831695,1.946321017,0.060774075
2016,Cape Mendocino,MPA,1315.577513,18.12659976,650.3580996,27.89409087,11.56134713,0.01222479,16.2450925,0.483941207,2.400690893,0.047977948
2016,Cape Mendocino,REF,1568.87838,25.18876948,667.2826436,19.33406285,11.76048372,0.007547466,17.28806619,0.53562591,2.427986576,0.031911226
2016,South La Jolla,MPA,1204.657725,24.15747206,170.1487751,13.70700866,18.46982482,0.022538571,25.88885127,0.455825878,1.218569919,0.028215488
2016,South La Jolla,REF,1096.765331,9.758110492,184.5314855,17.23981482,18.57769267,0.023530397,26.21195944,0.358040203,1.217916611,0.032245019
2016,Stewarts Point,MPA,1126.460227,95.73099481,284.5382275,21.14982136,11.7659985,0.025410154,17.773521,0.968660089,1.791065932,0.059109654
2016,Stewarts Point,REF,1397.904423,72.2855322,247.5662949,18.13832448,11.84609325,0.013605473,15.817,0.032559348,1.650108502,0.052604082
2016,Swamis,MPA,1510.578552,104.7669315,121.1540047,12.95743532,18.77472,0.030211341,27.63459463,0.565146432,0.960724628,0.025937974
2016,Swamis,REF,1830.426378,167.8479916,118.3193332,10.40937042,18.890887,0.018088071,26.67911873,0.469883636,0.955813529,0.019913697
2016,Ten Mile,MPA,1882.220699,90.57273656,347.1346226,22.78014074,12.28101875,0.045892106,16.9576089,0.497011983,1.889768972,0.061571098
2016,Ten Mile,REF,2097.454882,54.45118529,372.6800804,18.59738459,12.31157467,0.017202939,16.09356404,0.287016523,1.898915319,0.045521987
2017,Anacapa Island,MPA,1112.431013,36.33057383,45.77554503,3.551226952,16.8666765,0.011100036,22.14241033,0.042433916,0.710574587,0.015073722
2017,Anacapa Island,REF,1013.962942,48.33339003,37.5202385,2.58680063,17.04936343,0.058926207,22.50832329,0.197231782,0.691314256,0.014419872
2017,Ano Nuevo,MPA,2156.488435,29.41035406,350.1354121,49.30866331,12.943923,0.008235364,20.12234218,0.623669071,1.485415565,0.039102772
2017,Ano Nuevo,REF,2151.209721,70.83771416,305.9167954,31.41125315,12.95665709,0.044564352,19.400473,0.347343728,1.521290634,0.033745555
2017,Bodega Head,MPA,1962.695409,40.7132854,327.2704379,29.99695226,12.25233785,0.010805806,18.66039108,0.041620347,1.606733243,0.03253794
2017,Bodega Head,REF,2229.696355,35.62687222,341.0116353,42.94163658,12.33118579,0.027004232,18.3771755,0.120573938,1.522018028,0.03916089
2017,Carrington Point,MPA,1744.587646,13.7848797,58.56898467,1.609979803,15.33134886,0.013655626,26.39340505,0.20782826,0.636234861,0.007556314
2017,Carrington Point,REF,1830.251869,22.06341341,53.70375784,2.797764765,15.29836165,0.019728446,22.24043365,0.642177465,0.646076707,0.011416849
2017,Piedras Blancas,MPA,1678.134231,21.15729445,360.7157699,27.75916847,13.42330031,0.022982544,25.61048923,0.674042432,1.556935419,0.021501764
2017,Piedras Blancas,REF,1789.910481,36.78009933,134.8428899,8.965029193,13.47481828,0.03197695,22.98573152,0.903219388,1.130993831,0.015851529
2017,Point Buchon,MPA,1993.500985,108.2903256,292.7060784,31.70332741,13.652749,0.024630159,20.64683225,1.128764001,1.484547537,0.036886042
2017,Point Buchon,REF,2146.958564,46.32822834,303.7445756,29.73316814,13.70284582,0.017153431,17.87479964,0.012160716,1.498620113,0.032515415
2017,Point Lobos,MPA,1865.316804,300.659725,374.8997888,50.87295008,12.92583114,0.035611475,22.567607,1.907730005,1.623729024,0.045944681
2017,Point Lobos,REF,1550.522003,141.0094549,388.6666627,48.41817274,13.13327757,0.086639053,20.28585514,1.223130623,1.679706953,0.041755613
2017,Cape Mendocino,MPA,1260.476379,16.18995819,750.2360092,46.41123185,11.11262021,0.016928069,16.25977692,0.343978453,2.056035572,0.0298204
2017,Cape Mendocino,REF,1585.600929,16.76477032,794.12473,33.06588201,11.37411275,0.012845331,16.23157891,0.027757948,2.092914012,0.020460252
2017,South La Jolla,MPA,1547.119381,36.39674903,132.2643646,10.80356214,18.21533664,0.022217282,24.29393091,0.091020081,1.062533222,0.022001506
2017,South La Jolla,REF,1358.400794,11.03138925,134.4731559,12.35081588,18.34359211,0.022265446,24.723618,0.10343697,1.063226691,0.025020733
2017,Stewarts Point,MPA,1269.984504,120.4955076,278.0556612,28.70515714,11.80261325,0.035024473,20.70053475,1.214821752,1.513536746,0.039489463
2017,Stewarts Point,REF,1454.966692,128.6749838,244.6547345,25.59445365,11.867144,0.037868999,24.4010539,0.711937457,1.389094774,0.036510887
2017,Swamis,MPA,1881.928792,37.52129117,87.33180213,7.639844505,18.8124785,0.041850202,27.40082825,0.437649592,0.858935599,0.019985194
2017,Swamis,REF,2272.606108,139.6063907,83.12428463,5.952744276,18.62866955,0.026189383,26.51446955,0.402556303,0.859701835,0.016136917
2017,Ten Mile,MPA,1776.938262,58.33169537,388.3648012,33.50556182,11.9627864,0.033112726,17.0131189,0.195065601,1.65488306,0.039256548
2017,Ten Mile,REF,2209.193127,26.55884663,425.6371666,28.07684672,12.07057792,0.012810473,17.59720038,0.101122642,1.653230848,0.029291323
2018,Anacapa Island,MPA,936.7327245,6.275764536,44.60958892,2.614918237,17.18862083,0.07230734,24.49302567,0.740132225,0.701766585,0.010648196
2018,Anacapa Island,REF,937.6713753,17.96285159,39.00911293,2.057678436,17.34370929,0.035915251,24.285646,0.848712615,0.68574509,0.01023915
2018,Ano Nuevo,MPA,1866.925809,44.61869516,298.8502321,31.4131027,12.98578323,0.010622516,20.62456645,0.702064389,1.417429008,0.037069473
2018,Ano Nuevo,REF,2027.032577,123.8727106,277.9721283,27.2017822,12.946701,0.018933476,19.88014564,0.175794694,1.477091676,0.03451817
2018,Bodega Head,MPA,1853.782877,86.41895371,321.8713818,27.09927841,11.98949662,0.004437285,15.94551715,0.203413199,1.565306817,0.032616605
2018,Bodega Head,REF,1977.806067,40.11636318,339.594542,40.36322858,12.025055,0.012855675,16.47227707,0.146337697,1.464304685,0.03743458
2018,Carrington Point,MPA,1573.033138,12.28322613,48.17152425,0.876010509,15.54478498,0.018657511,22.01693105,0.768028633,0.617915237,0.005223444
2018,Carrington Point,REF,1554.361966,5.92867835,41.84611288,1.257435408,15.48347741,0.015598562,22.84338624,0.962684425,0.602491169,0.005909116
2018,Piedras Blancas,MPA,1478.312354,12.97865161,285.9332321,18.53292171,13.74768495,0.014829905,23.91106229,0.728620295,1.5083459,0.021088021
2018,Piedras Blancas,REF,1799.021216,37.37455948,111.7886731,5.868932842,13.73943454,0.012227195,24.77258732,0.96545465,1.065711816,0.011916324
2018,Point Buchon,MPA,1722.754631,71.36149606,249.2981624,25.34228152,14.02405163,0.009943367,21.90425713,0.784669846,1.42908168,0.036895768
2018,Point Buchon,REF,1908.768369,46.02951769,260.1706799,23.92363426,13.931698,0.019640892,19.90374791,0.232237274,1.447888862,0.032426538
2018,Point Lobos,MPA,1242.576276,68.71544031,297.9587773,33.65471958,13.48851486,0.033674509,18.37846743,0.300593554,1.641212551,0.044883724
2018,Point Lobos,REF,1125.517568,91.44584206,321.2812749,34.27523043,13.503483,0.019092041,17.99129057,0.15684963,1.680431703,0.041390262
2018,Cape Mendocino,MPA,1134.244521,12.35669915,692.340753,42.60847133,10.96663154,0.010007367,21.34268233,0.980575526,2.053450111,0.037064667
2018,Cape Mendocino,REF,1353.744172,13.20628759,684.0414823,29.58885548,11.2335757,0.027115643,22.31070802,0.603434949,2.07717497,0.023685235
2018,South La Jolla,MPA,1483.33599,39.67425824,124.1313594,7.255163807,18.77836273,0.025038638,27.43671073,0.194416595,1.037394235,0.016445052
2018,South La Jolla,REF,1289.70411,7.057288826,129.7985172,8.296854275,18.82040533,0.017157086,26.66590311,0.053183995,1.043611871,0.018501502
2018,Stewarts Point,MPA,1097.140699,109.87615,277.9422662,27.24512931,11.75420556,0.030352334,21.88465625,0.090718592,1.471091745,0.038389768
2018,Stewarts Point,REF,1230.253709,83.08288302,247.6978277,23.72956732,11.7262004,0.01677989,19.3226396,0.742514279,1.321857279,0.034111341
2018,Swamis,MPA,1861.22936,39.7163049,84.68252893,5.806722495,18.82040438,0.016141324,26.945254,0.057882071,0.836276107,0.013533815
2018,Swamis,REF,2199.024946,158.7488809,84.93287267,4.681788489,18.89325082,0.033879596,26.53637518,0.089252737,0.84027568,0.010455669
2018,Ten Mile,MPA,1811.042588,101.050046,339.6330741,28.69953123,11.72662265,0.013353266,18.87112835,1.566896979,1.649907563,0.041407097
2018,Ten Mile,REF,1733.513635,28.35557966,381.8209896,25.24878754,11.65284381,0.021034307,19.88329579,1.025533329,1.634176522,0.031341655
2019,Anacapa Island,MPA,941.9106968,9.785023464,36.69392661,3.256349568,16.52597017,0.017006255,21.86888917,0.223516261,0.580508171,0.01659031
2019,Anacapa Island,REF,919.8072442,16.81559778,31.62169086,2.662905513,16.63525371,0.039573601,21.92737271,0.159458664,0.560674294,0.016254721
2019,Ano Nuevo,MPA,1958.477709,35.56582465,399.1948041,45.78914979,12.80636518,0.007899267,20.05247964,1.206287029,1.559174657,0.044699292
2019,Ano Nuevo,REF,2551.864576,120.9550788,343.493859,31.6022588,12.96988205,0.055459192,18.88500382,1.51915535,1.575542535,0.039880229
2019,Bodega Head,MPA,2165.353882,26.69326976,374.0261523,29.16340746,12.10265069,0.030594986,17.44299546,0.183724353,1.651911704,0.034589675
2019,Bodega Head,REF,2375.061945,50.51581248,389.0476446,44.26458104,12.35432439,0.033170751,18.15251771,0.651561179,1.558728836,0.039063271
2019,Carrington Point,MPA,1361.544814,6.980283043,23.18540047,1.58582678,15.07743576,0.020242164,23.71031581,0.664780964,0.382234735,0.013513331
2019,Carrington Point,REF,1360.774698,4.486577792,24.53537146,1.613318618,14.96253694,0.011189866,20.12969688,0.474926937,0.440607044,0.014120451
2019,Piedras Blancas,MPA,1596.009429,22.12478626,338.8839188,20.15973855,13.50571161,0.01007744,24.08149048,0.23350146,1.611385116,0.021875598
2019,Piedras Blancas,REF,1757.391738,72.96575579,139.0373941,7.294404428,13.41242116,0.006126201,19.33644748,0.831270178,1.162676327,0.014606825
2019,Point Buchon,MPA,1813.173591,54.18474374,286.1015533,27.14523506,13.78519575,0.03580996,22.51830863,2.134894362,1.537343809,0.037848893
2019,Point Buchon,REF,2107.780341,34.55296048,296.3514706,23.93301572,13.86170773,0.008406579,20.87986327,1.728413189,1.560363623,0.030999321
2019,Point Lobos,MPA,1221.812342,59.2100135,313.5386353,30.92255557,13.00932271,0.032265946,18.06501214,0.481444477,1.634268145,0.044360145
2019,Point Lobos,REF,1476.653748,105.2866514,328.2643625,26.76722184,13.39858086,0.120854522,24.95461871,1.922758328,1.687457263,0.041063208
2019,Cape Mendocino,MPA,1113.229526,17.52780381,821.46853,42.97036805,11.22681038,0.017742754,17.75058817,0.034466979,2.137244783,0.033778003
2019,Cape Mendocino,REF,1265.960972,10.75211209,927.0458273,37.19320569,11.45486141,0.014864073,18.23935591,0.299553802,2.16820531,0.023089087
2019,South La Jolla,MPA,1356.225654,38.5655668,117.9501135,6.689116979,17.93030973,0.028739248,25.66447727,0.090035932,1.042755471,0.017843498
2019,South La Jolla,REF,1165.345205,7.160711318,124.8877726,8.784383834,18.31265556,0.039553147,25.95661956,0.066449966,1.043805441,0.020065149
2019,Stewarts Point,MPA,1605.553186,103.3047804,338.7204578,31.39341603,11.72439425,0.025028747,18.25891463,0.753756091,1.582660092,0.041371849
2019,Stewarts Point,REF,1809.648074,117.9267941,291.4546043,26.79273186,11.94266575,0.033865371,21.0667605,0.792119895,1.456229025,0.037399418
2019,Swamis,MPA,1669.837671,70.43569887,80.28901822,5.356808587,18.31071875,0.008367869,25.64319738,0.048257237,0.838140999,0.016076319
2019,Swamis,REF,1920.515208,150.1491948,76.90983136,4.15994451,18.27026255,0.023502931,25.46635836,0.059263423,0.842560087,0.012593199
2019,Ten Mile,MPA,1884.29896,57.17764808,480.7759493,40.24509697,12.4033405,0.037427071,21.0110418,1.413451581,1.647735862,0.043363865
2019,Ten Mile,REF,2039.9207,30.96706814,510.7026002,29.16824547,12.43662604,0.01399915,22.68265458,1.213239563,1.640076514,0.031438342
2020,Anacapa Island,MPA,759.0123457,11.55561517,21.30151431,1.273304214,16.27241383,0.014567188,21.699379,0.126114906,0.480252348,0.007811087
2020,Anacapa Island,REF,663.9462065,44.05953136,18.73508823,1.135438097,16.52663271,0.040626462,22.25913614,0.146956748,0.461333933,0.006571553
2020,Ano Nuevo,MPA,1818.011992,103.9578155,205.0910681,16.12952994,12.64028164,0.003614042,19.75673364,1.063118198,1.450892178,0.041459347
2020,Ano Nuevo,REF,1667.179053,97.00892503,195.1461841,13.92303196,12.80515832,0.045167045,23.41902309,1.336767043,1.498327447,0.038085242
2020,Bodega Head,MPA,1453.813675,100.4587328,232.3156696,15.66312883,11.89441662,0.017021333,21.23521054,0.157237385,1.597484658,0.037489322
2020,Bodega Head,REF,1478.666667,42.62903449,239.7388483,23.79556552,11.997295,0.012265311,22.53484436,1.530785213,1.510378331,0.041395305
2020,Carrington Point,MPA,1796.641975,25.81139609,6.169033008,0.269168788,14.79527086,0.013834237,21.53178448,0.470738918,0.240839122,0.005247523
2020,Carrington Point,REF,1666.464488,30.18192027,10.72557018,0.674490286,14.61730729,0.021848642,22.97700941,0.849952031,0.325253972,0.009134417
2020,Piedras Blancas,MPA,1347.501489,50.67916198,235.3913271,13.8277899,12.92299432,0.014727379,23.55487197,0.659889337,1.563525183,0.024133169
2020,Piedras Blancas,REF,1577.501489,71.97409976,84.32499143,3.273459645,13.01851484,0.011515166,17.74380572,0.099365133,1.083761666,0.012283678
2020,Point Buchon,MPA,1547.957095,76.02167816,208.6993345,19.37682305,13.17536906,0.047133002,20.15442175,0.101092765,1.52276109,0.04161268
2020,Point Buchon,REF,1823.655219,39.26041182,219.6313293,15.25661975,13.399732,0.015804871,21.54727273,0.645376692,1.562921196,0.036657205
2020,Point Lobos,MPA,1214.452116,84.88549637,236.6940619,21.33061648,12.80601379,0.022281662,20.20755,1.29909179,1.623434867,0.048110604
2020,Point Lobos,REF,1255.641101,81.72294511,243.4400545,19.31054527,13.04897871,0.077195964,18.398166,1.10726847,1.64220139,0.045108829
2020,Cape Mendocino,MPA,899.7287037,24.14776241,590.5054075,32.46816941,10.80641325,0.012060256,17.14171088,0.504686522,2.206194026,0.042561304
2020,Cape Mendocino,REF,923.5320755,18.39360166,587.1117498,20.91484035,11.12099892,0.016308507,22.88629511,0.521560752,2.238620281,0.02797124
2020,South La Jolla,MPA,1945.756571,84.63817743,82.90349278,4.218218833,17.84908555,0.024888001,23.58741964,0.041753337,0.974782666,0.016739511
2020,South La Jolla,REF,1949.31994,5.862225083,87.72573908,5.009688265,18.03338489,0.052093247,23.92142667,0.034606469,0.980887812,0.019154508
2020,Stewarts Point,MPA,931.5487377,43.11424244,196.1846783,14.39127767,11.29478225,0.01899407,26.54202063,0.027134222,1.505679651,0.042062612
2020,Stewarts Point,REF,1082.076937,95.92601888,163.2385456,11.59462446,11.4305126,0.031689886,21.6068627,0.19660198,1.369385151,0.035947392
2020,Swamis,MPA,2368.544218,77.75086634,55.40641006,3.558152878,17.91001625,0.0251178,25.22824863,0.014194167,0.786776869,0.01376455
2020,Swamis,REF,2395.110697,138.510162,56.02454653,2.971118261,17.91253991,0.023503279,25.27323882,0.377770227,0.791484759,0.010795779
2020,Ten Mile,MPA,1485.832804,127.1336054,278.4692561,19.41238386,11.73765215,0.02003149,23.1231076,1.037302693,1.686010402,0.049797862
2020,Ten Mile,REF,1838.295883,34.18259958,305.1193488,18.39740846,11.63817296,0.023309686,19.9617275,0.402945873,1.671762805,0.036867212